"answer_id","question_id","answer_text","is_correct"
"1","1","Тип будет float, потому что операция деления в Python 3 всегда возвращает число с плавающей точкой","True"
"2","1","Тип будет int, потому что результат 2.5 округляется до целого","False"
"3","1","Тип будет str, потому что число преобразуется в строку","False"
"4","1","Тип будет bool, потому что все значения, кроме нуля, интерпретируются как истина","False"
"5","2","Оператор `is` проверяет, ссылаются ли две переменные на один и тот же объект в памяти, а `==` сравнивает значения объектов. Например, два одинаковых списка могут быть равны по значению, но находиться в разных местах памяти","True"
"6","2","`is` используется для сравнения строк, а `==` — для чисел и списков","False"
"7","2","Оба оператора сравнивают значения, но `is` работает быстрее, поэтому его предпочтительнее использовать всегда","False"
"8","2","`==` сравнивает только типы данных, а `is` — их содержимое","False"
"9","3","Функция использует один и тот же список `x` при каждом вызове, так как значение по умолчанию вычисляется один раз при определении функции. Результат будет `[1]` и `[1, 1]`","True"
"10","3","Функция создаёт новый список каждый раз, поэтому результат будет `[1]` и `[1]`","False"
"11","3","Второй вызов функции вызовет ошибку, так как параметр `x` уже использован","False"
"12","3","Списки в Python всегда копируются по значению, поэтому результат будет `[1]` и `[1]`","False"
"13","4","Функция `inner` напечатает `20`, потому что замыкание захватывает переменную `x` из окружающей области `outer`, а не глобальную","True"
"14","4","Функция `inner` напечатает `10`, потому что она использует глобальную переменную `x`","False"
"15","4","Код вызовет ошибку, так как переменная `x` определена как локальная в `outer`, но не передана в `inner`","False"
"16","4","Функция `inner` не сможет получить доступ к `x`, потому что она находится вне её области видимости","False"
"17","5","Код создаст список из трёх ссылок на один и тот же вложенный список, поэтому `append(1)` повлияет на все три элемента. Результат будет `[[1], [1], [1]]`","True"
"18","5","Результат будет `[[1], [], []]`, так как первый и второй элементы случайно ссылаются на одну и ту же память","False"
"19","5","Каждый элемент `x` будет независимым пустым списком, и `append(1)` изменит только первый: `[[1], [], []]`","False"
"20","5","Код вызовет ошибку, так как нельзя изменять элементы списка, созданного через операцию умножения","False"
"21","6","`with` автоматически управляет ресурсами: откроет файл и гарантированно закроет его после выхода из блока, даже при возникновении исключений. Это делает код надёжнее и предотвращает утечки ресурсов","True"
"22","6","`with` используется только для чтения файлов и не применим к режиму записи","False"
"23","6","`with` открывает файл в защищённом режиме, при котором запись происходит в буфер, но не в сам файл","False"
"24","6","`with` заменяет собой функцию `close()` внутри блока, но файл всё равно остаётся открытым после выхода из него","False"
"25","7","Будет выброшено исключение `TypeError`, потому что список `[]` является изменяемым объектом и не может быть использован как ключ в словаре","True"
"26","7","Код выполнится корректно, и `'value'` будет присвоено под ключом `[]`, так как ключи могут быть любыми объектами","False"
"27","7","Словарь создаст копию списка и использует его как строковое представление для ключа","False"
"28","7","Ключ `[]` будет интерпретирован как `None`, и `'value'` окажется под ключом `None`","False"
"29","8","Будут выведены только значения, возвращённые через `yield`, то есть `1` и `2`. `return 3` завершает генератор и поднимает `StopIteration`, но значение 3 не будет выведено","True"
"30","8","Будут выведены `1`, `2`, а затем `3`, потому что `return` также считается частью итерации генератора и возвращает значение как последний элемент","False"
"31","8","Цикл `for` выведет только `1`, потому что `yield` может быть использован только один раз на итерацию, остальные значения будут проигнорированы","False"
"32","8","Генератор с `return` не может быть использован в `for`-цикле и вызовет синтаксическую ошибку из-за смешивания `yield` и `return`","False"
"33","9","Функция вернёт `[1, 2]`, так как изменяемые (mutable) типы данных, используемые как аргументы по умолчанию, создаются один раз при определении функции, а не при каждом её вызове, поэтому список `my_list` сохраняет своё состояние между вызовами","True"
"34","9","Результатом будет `[2]`, поскольку стандартное поведение Python подразумевает, что аргументы по умолчанию инициализируются заново при каждом входе в область видимости функции, гарантируя изоляцию вызовов","False"
"35","9","Код вызовет `TypeError` во время определения функции, так как синтаксис Python запрещает использование изменяемых коллекций, таких как list или dict, в качестве значений по умолчанию во избежание подобных неоднозначных поведений","False"
"36","9","Функция вернёт `None`, потому что метод `append` модифицирует список ""in-place"" и сам по себе возвращает `None`, а инструкция `return` в данном случае вернёт результат работы этого метода","False"
"37","10","Вызов функции process_data([1, 'hello', -3, 5.0, 'world']) вернет список [2, 'HELLO', None, None, 'WORLD'], так как функция обрабатывает положительные целые числа умножением на 2, строки приводятся к верхнему регистру, а остальные типы данных заменяются на None, включая отрицательные числа и числа с плавающей точкой","True"
"38","10","Результатом будет [2, 'HELLO', -6, 10.0, 'WORLD'], потому что функция преобразует все числовые значения, а строки переводит в верхний регистр, не учитывая при этом тип данных int или float для числовых значений","False"
"39","10","Функция выдаст ошибку TypeError, поскольку в списке смешанные типы данных, что Python не может автоматически преобразовать при выполнении операций умножения и upper()","False"
"40","10","Результат будет [2, 'HELLO', None, 10.0, 'WORLD'], так как отрицательные числа игнорируются, но числа с плавающей точкой обрабатываются аналогично целым, а строки преобразуются в верхний регистр","False"
"41","11","В Python списки передаются в функции по ссылке. Операция `append('processed')` модифицирует исходный список `my_data`, добавляя в него элемент. Однако последующее переприсваивание `data_list = ['new', 'list']` внутри функции создаёт новую локальную переменную `data_list`, которая указывает на совершенно другой объект-список, и это никак не влияет на внешний список `my_data`. Таким образом, при вызове `print(my_data)` будет выведен `['initial', 'processed']`","True"
"42","11","Результатом будет `['new', 'list']`, поскольку в Python списки ведут себя как изменяемые объекты, и любое изменение внутри функции, включая полное переприсваивание, должно отражаться на исходном списке, который передавался в функцию. Это демонстрирует особенности передачи аргументов по ссылке в Python, где изменения внутри функции распространяются на внешний скоуп","False"
"43","11","Код приведёт к ошибке типа или выполнится некорректно, так как попытка изменить список внутри функции с последующим его переприсваиванием создаёт конфликт в управлении памятью Python. Списки, будучи изменяемыми, требуют явного возврата изменённого объекта, если требуется полностью заменить его содержимое, а не только модифицировать. Без явного возврата оригинальный список останется неизменным","False"
"44","11","Будет выведен `['initial']`, потому что присваивание `data_list = ['new', 'list']` фактически отменяет предыдущее изменение `append('processed')`. Python всегда создаёт локальные копии изменяемых объектов при их модификации внутри функции, чтобы избежать нежелательных побочных эффектов. Таким образом, исходный список `my_data` остаётся неизменным на протяжении всего выполнения программы","False"
"45","12","Python кортежи являются неизменяемыми, но их элементы могут быть изменяемыми. В данном случае, `t[0]` ссылается на список, который является изменяемым объектом. Операция `t[0].append(4)` изменяет этот список на месте, и это изменение отражается в `my_tuple`. Однако, последующее присваивание `t = (1, 2, 3)` создаёт новую локальную ссылку `t` на совершенно другой кортеж, не затрагивая исходный `my_tuple`. Поэтому, в итоге будет выведено `([1, 2, 3, 4], 'a', 'b')`","True"
"46","12","Код вызовет ошибку `TypeError`, потому что кортежи неизменяемы, и попытка модифицировать элемент кортежа через `append` или изменить сам кортеж путём присваивания приведёт к исключению. Python строго контролирует возможность изменения неизменяемых типов данных, и подобные операции считаются недопустимыми","False"
"47","12","Будет выведено `(1, 2, 3)`, поскольку присваивание `t = (1, 2, 3)` внутри функции `update_tuple_with_list` полностью заменяет содержимое переданного кортежа. В Python, даже если элементы кортежа изменяемы, любое переприсваивание внутри функции создаёт новый объект, и он становится значением внешней переменной `my_tuple`","False"
"48","12","Будет выведено `([1, 2, 3], 'a', 'b')`, так как функция `update_tuple_with_list` не может изменить `my_tuple`. Хотя список внутри кортежа изменяем, все операции внутри функции выполняются над локальной копией кортежа. Python создаёт новую копию объекта при передаче в функцию, чтобы избежать нежелательных побочных эффектов. Поэтому исходный кортеж `my_tuple` остаётся неизменным","False"
"49","13","Будет выведено `10`, так как `x` ищется по правилу LEGB и найден в глобальной области, поскольку в `func` нет локального `x`","True"
"50","13","Будет выведено `None`, потому что функция `func` не определяет `x`, а глобальный контекст не учитывается в таких случаях","False"
"51","13","Код вызовет ошибку, так как `x` не передан в функцию явно, а доступ к глобальным переменным внутри функции запрещён","False"
"52","13","Интерпретатор выведет `10.0`, автоматически преобразовав целое значение в float при выводе глобальной переменной","False"
"53","14","В начале функции `complex_mutation`, `data` ссылается на тот же объект, что и `original_data`. Строка `data[0]['nested_list'].append(4)` модифицирует вложенный список, и это изменение отражается в `original_data`. Строка `data[1] = 'changed'` изменяет второй элемент `original_data`. Затем, `data = copy.deepcopy(data)` создаёт совершенно новую, независимую копию `data` и переприсваивает локальную переменную `data` на эту копию. Последующее изменение `data[0]['nested_list'].append(5)` происходит уже с этой новой копией, не влияя на `original_data`. Таким образом, конечный результат будет `[{'nested_list': [1, 2, 3, 4]}, 'changed']`","True"
"54","14","Результатом будет `[{'nested_list': [1, 2, 3, 4, 5]}, 'initial_string']`, потому что в Python передача изменяемых объектов всегда происходит по ссылке. Операции `append` и присваивание `data[1]` напрямую модифицируют `original_data`. Вызов `copy.deepcopy(data)` лишь создаёт временную копию, но дальнейшие изменения через `data[0]['nested_list'].append(5)` всё равно затрагивают исходный объект, так как `data` после `deepcopy` всё ещё указывает на тот же базовый объект в памяти, а не на его полную независимую копию, как ожидается","False"
"55","14","Код вызовет ошибку `TypeError` или `AttributeError`, так как попытка глубокого копирования объекта, который уже был частично изменён, может привести к некорректному состоянию памяти или невозможности создания полной независимой копии. Модуль `copy` имеет определённые ограничения и может не всегда корректно обрабатывать сложные структуры данных, особенно после их частичной мутации, что приводит к непредсказуемому поведению или сбоям программы при попытке глубокой копии","False"
"56","14","Будет выведено `[{'nested_list': [1, 2, 3]}, 'initial_string']`, так как `copy.deepcopy(data)` создаёт полную независимую копию объекта на входе в функцию, и все последующие изменения внутри функции происходят уже с этой копией, не затрагивая `original_data`. Хотя первые операции (`append` и присваивание `data[1]`) изменяют локальную переменную `data`, глубокая копия гарантирует, что эти изменения не выйдут за пределы функции, восстанавливая исходное состояние `original_data`","False"
"57","15","Вывод будет [1, 2, 3, 4], потому что списки в Python являются изменяемыми объектами. Когда вы передаёте список в функцию, фактически передаётся ссылка на этот объект. Любые изменения, сделанные внутри функции с этим объектом, будут отражаться на исходном списке за пределами функции","True"
"58","15","Вывод будет [1, 2, 3], так как Python передаёт аргументы по значению, и функция оперирует с копией списка. Изменения внутри функции не влияют на исходный список. Для изменения исходного списка нужно было бы вернуть изменённый список из функции и присвоить его","False"
"59","15","Будет ошибка типа (TypeError), потому что функция modify_list не возвращает никакого значения. Чтобы изменить список, функция должна явно вернуть новый список и присвоить его переменной my_list. Python не позволяет изменять объекты, переданные в функцию, без явного возврата","False"
"60","15","Вывод будет [1, 2, 3, 4], но это происходит только потому, что append является специальным методом, который изменяет объект на месте. Для других операций, таких как присваивание нового списка переменной внутри функции, исходный список не изменится, если его не вернуть из функции","False"
"61","16","Программа выведет 0 5 6 по порядку: первый next запускает генератор и отдаёт начальное значение 0, send(5) передаёт 5 внутрь и сразу получает его назад через yield, одновременно внутри генератора счётчик обновляется до 5, затем прибавляется единица, поэтому следующий next возвращает 6","True"
"62","16","Результатом будет 0 1 2, так как генератор каждый раз просто увеличивает переменную count независимо от передаваемых значений и выдаёт последовательные целые числа","False"
"63","16","После вызова next(c) генератор завершается, поэтому последующие обращения к send или next вызовут StopIteration и ничего не напечатают","False"
"64","16","Вызов c.send(5) приведёт к ошибке TypeError, потому что метод send запрещено применять ко второй итерации генератора, из-за чего программа не выполнится до конца","False"
"65","17","Вывод будет [30, 40, 50], так как цикл 'for' перебирает каждый элемент в списке 'numbers', а условный оператор 'if number > 25' отфильтровывает только те числа, которые строго больше 25. Эти числа затем добавляются в новый список 'filtered_numbers'","True"
"66","17","Вывод будет [10, 20, 30, 40, 50], потому что условие 'if number > 25' не выполняется для всех чисел, и поэтому все элементы списка 'numbers' добавляются в 'filtered_numbers'. Чтобы отфильтровать элементы, нужно было бы использовать функцию filter()","False"
"67","17","Вывод будет [10, 20], потому что цикл прекращается, как только встречается число, которое не удовлетворяет условию. Цикл 'for' в Python работает по принципу ""первого несоответствия"", и после 20 он перестает добавлять элементы","False"
"68","17","Будет ошибка, потому что нельзя использовать 'append' внутри цикла 'for' без предварительной инициализации списка внутри самого цикла. Список 'filtered_numbers' должен быть инициализирован в каждой итерации цикла, чтобы избежать такой ошибки","False"
"69","18","Программа выведет последовательно start A, start B, greet, end B, end A потому что декораторы применяются снизу вверх: сначала создаётся функция inner для тега 'B', затем она оборачивается декоратором 'A'; при вызове greet() внешний декоратор 'A' печатает start A, затем вызывает внутренний inner тега 'B', который выводит start B, выполняет исходный greet() и выводит end B, после возврата управление возвращается наружу и печатается end A","True"
"70","18","Вывод будет start B, start A, greet, end A, end B поскольку порядок работы декораторов совпадает с порядком их расположения сверху вниз и каждый внутренний декоратор завершает работу раньше внешнего","False"
"71","18","Код напечатает только greet, так как print внутри декоратора выполняется в момент объявления функции, а не при её вызове, поэтому строки start и end выводятся во время импорта модуля и не попадают в консоль при запуске greet()","False"
"72","18","Выполнение завершится TypeError: функция decorator возвращает объект, который не является вызываемым, поэтому применение двух декораторов последовательно приведёт к ошибке ещё до вызова greet()","False"
"73","19","Вывод будет ""World"", поскольку индексация строк в Python начинается с 0. Срез [7:12] означает, что мы берём символы, начиная с индекса 7 (включительно) и до индекса 12 (не включительно). Символ с индексом 7 — это 'W', а символ с индексом 11 — это 'd'","True"
"74","19","Вывод будет ""World!"", потому что при использовании срезов второй индекс всегда включает последний символ. Срез [7:12] включает символы от индекса 7 до индекса 12, включая оба крайних значения. В результате будут включены 'W', 'o', 'r', 'l', 'd', '!'","False"
"75","19","Вывод будет ""o, Wo"", так как срез [7:12] воспринимается как срез по символам, а не по словам. Таким образом, он начинается с 7-го символа и берёт 5 следующих символов. 'o' является 7-м символом, затем ' ', 'W', 'o', ','","False"
"76","19","Произойдёт ошибка IndexError, потому что строка имеет длину 13 символов (индексы от 0 до 12). Попытка доступа к индексу 12 в срезе [7:12] приведет к выходу за границы строки, так как последний индекс должен быть меньше длины строки","False"
"77","20","Напечатается:
Hello, Alice!
Hi, Bob!
Потому что первая функция вызывается только с одним аргументом, и используется значение по умолчанию для greeting. Во втором вызове передаются оба аргумента, и значение по умолчанию для greeting переопределяется на 'Hi'","True"
"78","20","Напечатается:
Hello, Alice!
Hello, Bob!
Поскольку значение по умолчанию для аргумента greeting всегда используется, и оно не может быть изменено при вызове функции. Чтобы изменить приветствие, нужно было бы определить новую функцию","False"
"79","20","Напечатается:
Alice!
Bob!
Так как аргумент greeting является необязательным, и функция print по умолчанию выведет только имя. Для того чтобы вывести приветствие, нужно было бы явно указать greeting в вызове функции как позиционный аргумент","False"
"80","20","Будет ошибка, потому что аргумент с значением по умолчанию должен быть указан перед всеми обязательными аргументами. В данном случае 'greeting' стоит после 'name', что является синтаксической ошибкой в Python. Правильный порядок - (greeting=""Hello"", name)","False"
"81","21","6 7, потому что inner замыкает переменную x из функции outer; первый вызов увеличивает x до 6, второй до 7, и каждый раз возвращается текущее значение","True"
"82","21","5 5, так как переменная x якобы создаётся заново при каждом вызове inner и сохраняет исходное значение без изменений, поэтому оба вывода показывают одно и то же число","False"
"83","21","6 6, поскольку nonlocal лишь копирует значение x в локальную область inner, и после первого инкремента последующие операции выполняются над копией, не изменяя оригинал","False"
"84","21","Возникнет SyntaxError, потому что использование nonlocal в функции inner без предварительного объявления переменной x во внешней области видимости нарушает правила синтаксиса Python","False"
"85","22","3, потому что len возвращает количество элементов списка и в x их три","True"
"86","22","Ошибка TypeError, поскольку len якобы предназначен исключительно для строк и при применении к списку вызывает исключение из-за несоответствия типа ожидаемому интерфейсу","False"
"87","22","1, так как интерпретатор рассматривает список как единый объект без учёта его внутренней структуры и сообщает его длину как одну позицию независимо от числа элементов","False"
"88","22","None, потому что print без явного возврата функции len выводит стандартное значение None, а сама длина списка остаётся только во внутренней переменной, не передаваясь наружу","False"
"89","23","3, потому что // выполняет целочисленное деление (floor division) и возвращает наибольшее целое, не превосходящее результата 7 / 2","True"
"90","23","2, так как многие путают оператор // с округлением вниз, однако он якобы усредняет результат и отбрасывает остаток, что приводит к заниженной величине","False"
"91","23","2.5, потому что оператор // иногда принимают за обычное деление, которое сохраняет дробную часть, а преобразование типов происходит только при необходимости","False"
"92","23","Возникнет ValueError, так как Python при вычислении целочисленного деления требует, чтобы оба операнда имели совместимые размеры в памяти, иначе выдаёт исключение","False"
"93","24","10, потому что ints неизменяемы и переопределение x создаёт новый объект, поэтому y сохраняет исходное значение","True"
"94","24","5, так как изменение x автоматически отражается на y благодаря тому что обе переменные указывают на один и тот же объект после присваивания, поэтому вывод совпадает с новым значением","False"
"95","24","Произойдёт ошибка NameError, потому что после изменения x переменная y утратит ссылку на предыдущий объект, и обращение к ней вызовет исключение во время выполнения","False"
"96","24","None, поскольку функция print без передачи корректного объекта выводит значение по умолчанию None, а переменная y в момент вызова считается неинициализированной и не влияет на результат","False"
"97","25","5, потому что time.sleep блокирует поток и удерживает event loop; каждая корутина выполняется последовательно, поэтому суммарная задержка составляет примерно пять секунд","True"
"98","25","1, так как asyncio.gather запускает корутины конкурентно, а sleep предполагается не блокирующей в асинхронном контексте, поэтому все пять задержек перекрываются и общее время равно одной секунде","False"
"99","25","0, поскольку вызов time.sleep внутри корутины, будучи частично реализованным в C, якобы моментально освобождает управление благодаря GIL, и loop фиксирует почти нулевую разницу во времени","False"
"100","25","Программа поднимет RuntimeError: использование синхронной функции time.sleep внутри асинхронной корутины нарушает контракт event loop, что якобы приводит к аварийному завершению до вычисления разницы времени","False"
"101","26","True, потому что loop.run_in_executor с параметром None создаёт ThreadPoolExecutor и обе CPU-bound функции делят один GIL; они выполняются фактически последовательно, время удваивается, условие >= 2 становится истинным","True"
"102","26","False, ведь run_in_executor передаёт вычисления в отдельные системные потоки, каждый из которых параллельно выполняется на своём ядре, поэтому обе тяжёлые функции завершаются практически одновременно и суммарная длительность оказывается близка к одному проходу, делая условие ложным","False"
"103","26","Программа выведет None, потому что print получает объект coroutine, не числовое выражение, а преобразование к строке для None происходит автоматически, поскольку внутри gather используется непрямой вызов и возврат значения не попадает во внешнюю область, где фиксируется время","False"
"104","26","Выполнится RuntimeError, поскольку размещение блокирующей чисто вычислительной функции внутри потока, управляемого event loop, нарушает модель асинхронного ввода-вывода Python, и asyncio обнаруживает попытку блокировки, прекращая работу ещё до вывода результата в консоль","False"
"105","27","[2, 2, 2], так как каждая лямбда замыкает переменную i по ссылке, и к моменту вызова всех функций цикл уже завершён, поэтому i содержит итоговое значение 2","True"
"106","27","[0, 1, 2], потому что широко распространённое мнение гласит, будто каждая лямбда запоминает текущее значение переменной i при своей генерации, формируя независимые копии для каждого индекса последовательности","False"
"107","27","Ошибка UnboundLocalError, поскольку при попытке обращения к i внутри создаваемых функций интерпретатор определяет её как локальную переменную, которую нельзя использовать до присваивания, из-за чего выполнение прерывается до формирования списка результатов","False"
"108","27","Будет выведено три отдельных объекта функции, ведь list comprehension возвращает список самих лямбда-выражений, а не значения, и без дополнительного вызова они отображаются в консоли как ссылки на их адреса в памяти","False"
"109","28","(3, ['a', 'b']), потому что *args собирает все позиционные аргументы в кортеж длиной три, а **kwargs формирует словарь из именованных аргументов; функция возвращает их количество и отсортированный список ключей","True"
"110","28","('args', 'kwargs'), так как интерпретатор якобы конвертирует все полученные значения в строковые представления имён коллекций по умолчанию, возвращая кортеж названий вместо фактических данных","False"
"111","28","(5, ['a', 'b', 'c']), потому что подсчёт производится по сумме позиционных и именованных аргументов с последующим дополнением списка фиктивным ключом 'c', добавляемым для выравнивания длины структур данных","False"
"112","28","Ошибка TypeError, поскольку одновременное использование *args и **kwargs совместно с позиционными и именованными параметрами ранее считалось противоречием сигнатуре функции и приводило к исключению ещё при её вызове","False"
"113","29","[[1, 2, 99], [3, 4, 88]]
[[1, 2, 99], [3, 4, 88], [5]]
[[1, 2], [3, 4]] 
- поверхностная копия делит вложенные списки с оригиналом, поэтому изменения в общих внутренних структурах видны и там; глубокая копия полностью независима и остаётся без изменений","True"
"114","29","[[1, 2, 99], [3, 4]]
[[1, 2, 99], [3, 4], [5]]
[[1, 2, 99], [3, 4]] 
- утверждается, что метод deepcopy якобы копирует только верхний уровень, из-за чего вложенные списки продолжают ссылаться на оригинал и наследуют изменения так же, как и shallow, но это неверно","False"
"115","29","[[1, 2], [3, 4, 88]]
[[1, 2], [3, 4, 88], [5]]
[[1, 2, 99], [3, 4]] 
- здесь считается, будто добавление элементов меняет ссылки таким образом, что лишь некоторые вложенные структуры остаются общими, создавая путаницу в итоговых данных","False"
"116","29","Произойдёт TypeError list indices must be integers or slices, потому что при обращении shallow[1].append(88) интерпретатор якобы обнаруживает несогласованность типов и останавливает выполнение до вывода каких-либо результатов","False"
"117","30","12
3 4 5.0
RightTriangle [3, 4, 5.0]
RightTriangle [3, 4, 5.0] 
- dunder-методы __len__, __getitem__ и __repr__ определяют, как объект ведёт себя при вызове len, индексации и печати; попытка изменить закрытое поле через rt.__abc создаёт новое обычное атрибут, не затрагивая защищённый _RightTriangle__abc","True"
"118","30","12
3 4 5.0
RightTriangle [3, 4, 5.0]
RightTriangle [0, 1, 2] 
- прямое присваивание rt.__abc меняет то же самое поле, ведь интерпретатор считает двойное подчёркивание признаком приватности только внутри класса, а снаружи обращается к той же переменной без оговорок, из-за чего repr выводит новые значения","False"
"119","30","Ошибка AttributeError: 'RightTriangle' object has no attribute '__abc' 
- модификация закрытого поля через rt.__abc недопустима, поэтому выполнение прерывается до вывода последних строк, ведь интерпретатор блокирует доступ к мантрированным атрибутам вне тела класса","False"
"120","30","12
3 4 5.0
RightTriangle [3, 4, 5.0]
RightTriangle [3, 4, 5.0]
None 
- после попытки присвоения нового списка Python будто бы возвращает специальное значение None, отображаемое как дополнительная строка вывода, так как операция присваивания интерпретируется как выражение с собственным выводом результата","False"
"121","31","Код выведет [1, 2, 3, 0] [42] поскольку аргумент lst передаётся по ссылке: метод append изменяет исходный список, а переназначение lst = [42] создаёт новую локальную переменную и не влияет на внешний объект","True"
"122","31","Будет напечатано [1, 2, 3, 0] [1, 2, 3, 0] так как Python передает объекты по ссылке и любое изменение отражается одновременно и на исходном списке, и на возвращаемом значении, поэтому оба они содержат одинаковые данные после выполнения функции","False"
"123","31","Получим [1, 2, 3] [42] потому что append внутри функции вызывается для копии списка, создаваемой при передаче аргумента, в то время как внешний список остаётся неизменным, а возвращается совершенно новый объект с одиночным элементом 42","False"
"124","31","Вывод будет [1, 2, 3] [1, 2, 3, 0] поскольку присваивание lst = [42] изменяет ссылку как внутри функции, так и снаружи, тем самым превращая nums в новый список, тогда как append выполненный до переназначения затрагивает лишь возвращаемое значение","False"
"125","32","Python ищет идентификатор последовательно в четырех пространствах имён: сначала в локальном (L) текущей функции, затем в замыкающем (E) любых внешних функций, после этого в глобальном модуле (G) и, наконец, в встроенном пространстве имён (B); поиск останавливается на первом совпадении, что позволяет изолировать локальные переменные и одновременно обращаться к глобальным объектам без явного импорта","True"
"126","32","Алгоритм LEGB начинает с глобального пространства модуля, переходит к локальному текущей функции, затем проверяет встроенные имена, а после этого замыкающие функции, что гарантирует доступ к общим переменным перед учётом локальных значений","False"
"127","32","При разрешении имени Python сначала рассматривает локальное пространство функции, далее сразу обращается к встроенным объектам, затем к глобальным переменным модуля и уже в конце к замыкающим областям, обеспечивая тем самым приоритет стандартных функций над пользовательскими","False"
"128","32","Механизм LEGB подразумевает только два уровня: локальный для переменных внутри функции и глобальный для всего остального кода, а встроенные функции всегда доступны напрямую, потому что находятся в том же глобальном пространстве и не требуют отдельного шага поиска","False"
"129","33","Ранг матрицы - это максимальное количество линейно независимых строк или столбцов матрицы","True"
"130","33","Ранг матрицы - это количество всех ненулевых элементов матрицы","False"
"131","33","Ранг матрицы - это сумма элементов на главной диагонали","False"
"132","33","Ранг матрицы - это число столбцов матрицы, в которых отсутствуют нулевые элементы","False"
"133","34","Обратимая матрица - это квадратная матрица, для которой существует такая матрица A^(-1), что выполняется равенство A*A^(-1) = A^(-1)*A = E","True"
"134","34","Обратимая матрица - это матрица любого размера, у которой определитель равен нулю и выполняется равенство A*A^(-1) = A^(-1)*A = E","False"
"135","34","Обратимая матрица - это прямоугольная матрица, у которой количество строк больше количества столбцов","False"
"136","34","Обратимая матрица - это квадратная матрица, у которой все элементы положительные и выполняется равенство A*A^T = A^(T)*A = E","False"
"137","35","Скалярное произведение двух векторов a и b в R^n определяется как сумма попарных произведений их координат: a·b = a1*b1 + a2*b2 + ... + an*bn, и эквивалентно выражению |a||b|cosθ, где θ - угол между векторами","True"
"138","35","Скалярное произведение векторов определяется как матрица, составленная из всех попарных произведений координат двух векторов, и результатом всегда является квадратная матрица","False"
"139","35","Скалярное произведение векторов a и b в R^n вычисляется как разность длин векторов |a| - |b|, что позволяет измерить расстояние между ними","False"
"140","35","Скалярное произведение векторов a и b в R^n вычисляется как произведение их длин |a|*|b| и отражает масштаб векторов","False"
"141","36","Векторное произведение двух векторов a и b в R^3 определяется как вектор, перпендикулярный обоим, с координатами (a_y*b_z - a_z*b_y, a_z*b_x - a_x*b_z, a_x*b_y - a_y*b_x), и его длина равна |a||b|sinθ, где θ - угол между векторами","True"
"142","36","Векторное произведение векторов в R^3 определяется как сумма попарных произведений их координат: a·b = a1*b1 + a2*b2 + ... + an*bn, и эквивалентно выражению |a||b|cosθ, где θ - угол между векторами","False"
"143","36","Векторное произведение векторов a и b в R^3 всегда дает матрицу 3x3, составленную из их координат, которая отражает геометрическую ориентацию в пространстве","False"
"144","36","Векторное произведение векторов a и b в R^3 вычисляется как (a_x*b_x, a_y*b_y, a_z*b_z), что отражает попарное произведение координат и используется для нахождения длины результирующего вектора","False"
"145","37","Градиент функции - это вектор, составленный из её частных производных по всем аргументам, который указывает направление наискорейшего возрастания значения функции","True"
"146","37","Градиент функции - это скалярная величина, равная сумме всех её частных производных, и используется для нахождения локальных экстремумов","False"
"147","37","Градиент функции - это матрица Гессе, то есть матрица вторых производных, которая отражает кривизну поверхности функции","False"
"148","37","Градиент функции - это вектор, составленный из первых и вторых производных одновременно, который характеризует направление роста","False"
"153","39","Производная функции f(x) в точке x0 определяется как предел отношения f'(x0) = lim(Δx→0) Δf/Δx, где Δf = f(x0+Δx) - f(x0), и она характеризует скорость изменения функции; основные свойства включают линейность ((c·f)' = c·f'), правило суммы ((f+g)' = f' + g') и правило произведения ((fg)' = f'g + fg')","True"
"154","39","Производная функции f(x) определяется как предел отношения lim(x→0)  Δf/Δx, где где Δf = f(x+Δx) - f(x); основные свойства включают линейность ((c·f)' = c·f'), правило суммы ((f+g)' = f' + g') и правило произведения ((fg)' = f'g + fg')","False"
"155","39","Производная функции f(x) определяется как отношение конечных приращений функции и аргумента без предельного перехода, и свойства включают линейность ((c·f)' = c·f'), правило суммы ((f+g)' = f' + g') и правило произведения ((fg)' = f'g + fg')","False"
"156","39","Производная функции f(x) в точке определяется как предел f'(x0) = lim(Δx→0) Δx/Δf, где Δf = f(x0+Δx) - f(x0) приращения аргумента Δx к приращению функции Δf при стремлении аргумента к нулю, а свойства включают линейность ((c·f)' = c·f'), правило суммы ((f+g)' = f' + g') и правило произведения ((fg)' = f'g + fg')","False"
"157","40","∇f(x,y) = (y·x^(y-1) + y^x·ln(y), x^y·ln(x) + x·y^(x-1))","True"
"158","40","∇f(x,y) = (y·x^(y-1) + y^x, x^y + x·y^(x-1))","False"
"159","40","∇f(x,y) = (x^(y-1) + y^x·ln(x), y^(x-1) + x^y·ln(y))","False"
"160","40","∇f(x,y) = (y·x^(y-1) - y^x·ln(y), x^y·ln(x) - x·y^(x-1))","False"
"161","41","Детерминант квадратной матрицы - это число, которое отражает её свойства: det(A) = 0 означает отсутствие обратной матрицы и единственного решения системы линейных уравнений, также выполняются свойства det(A) = det(A^T), det(AB) = det(A)·det(B), det(A^(-1)) = 1/det(A) для обратимой A","True"
"162","41","Детерминант квадратной матрицы - это вектор, составленный из элементов диагонали, и он определяет существование обратной матрицы и симметрию системы уравнений, также выполняются свойства det(A) = det(A^T), det(AB) = det(A)·det(B), det(A^(-1)) = 1/det(A) для обратимой A","False"
"163","41","Детерминант квадратной матрицы - это число, вычисляемое только для прямоугольных матриц, и оно показывает, равна ли сумма строк произведению столбцов, также выполняются свойства det(A) = det(A^T), det(AB) = det(A)·det(B), det(A^(-1)) = 1/det(A) для обратимой A","False"
"164","41","Детерминант квадратной матрицы равен произведению её диагональных элементов независимо от перестановки строк и столбцов, также выполняются свойства det(A) = det(A^T), det(AB) = det(A)·det(B), det(A^(-1)) = 1/det(A) для обратимой A","False"
"165","42","Детерминант равен 0, так как первая и третья строки матрицы линейно зависимы, поэтому матрица вырождена","True"
"166","42","Детерминант равен -6, так как при расчете по правилу треугольников 1·5·9 + 3·2·6 + 6·3·4 - 3·5·3 - 9·2·4 - 1·6·6 = -6","False"
"167","42","Детерминант равен 9, так как при расчете по правилу Саррюса 1·5·9 + 2·6·3 + 3·4·6 - 2·4·9 - 1·6·6 - 3·5·3 = 9","False"
"168","42","Детерминант равен 3, так как сумма элементов первой строки совпадает с определителем минорной матрицы","False"
"169","43","Собственное значение матрицы A - это число λ, для которого существует ненулевой вектор v, такой что Av = λv; этот вектор называется собственным вектором, и условие отражает сохранение направления при линейном преобразовании","True"
"170","43","Собственное значение матрицы A - это вектор λ, для которого Av = vλ, где v - любой перпендикулярный вектор для вектора λ, и тогда этот вектор λ называется собственным вектором, и условие отражает сохранение направления при линейном преобразовании","False"
"171","43","Собственное значение матрицы A - это число λ, для которого существует ненулевой вектор v, такой что Av = -λv; этот вектор v называется собственным вектором, и условие отражает сохранение направления при перпендикулярном линейном преобразовании","False"
"172","43","Собственное значение матрицы A - это вектор λ, для которого Av = -vλ, где v - любой перпендикулярный вектор для вектора λ, и тогда этот вектор λ называется собственным вектором, и условие отражает сохранение направления при перпендикулярном линейном преобразовании","False"
"177","45","Интеграл функции на интервале понимается как предел сумм Римана, представляющий площадь под графиком, и обладает свойствами:
Линейность: ∫(af(x) + bg(x))dx = a∫f(x)dx + b∫g(x)dx
Аддитивность: ∫f(x)dx от a до c равен ∫f(x)dx от a до b плюс ∫f(x)dx от b до c","True"
"178","45","Интеграл функции определяется как предел её разложений в ряд Фурье, а его основное свойство заключается в том, что он всегда равен сумме коэффициентов ряда независимо от интервала интегрирования, и обладает свойствами:
Линейность: ∫(af(x) + bg(x))dx = a∫f(x)dx + b∫g(x)dx
Аддитивность: ∫f(x)dx от a до c равен ∫f(x)dx от a до b плюс ∫f(x)dx от b до c","False"
"179","45","Интеграл функции на интервале равен значению функции в середине интервала, умноженному на длину интервала, и это определение гарантирует выполнение основных своиств интеграла:
Линейность: ∫(af(x) + bg(x))dx = a∫f(x)dx + b∫g(x)dx
Аддитивность: ∫f(x)dx от a до c равен ∫f(x)dx от a до b плюс ∫f(x)dx от b до c","False"
"180","45","Интеграл функции определяется как сумма её производных на интервале, а основные свойства заключаются в том, что интеграл всегда равен нулю для любой непрерывной функции и не зависит от выбора интервала, и обладает свойствами:
Линейность: ∫(af(x) + bg(x))dx = a∫f(x)dx + b∫g(x)dx
Аддитивность: ∫f(x)dx от a до c равен ∫f(x)dx от a до b плюс ∫f(x)dx от b до c","False"
"181","46","Система {v1,...,vk} линейно зависима, если хотя бы один вектор можно выразить как линейную комбинацию остальных при этом линейно независима, если в любой такой комбинации хотя бы один коэффициент равен 0","False"
"182","46","Система {v1,...,vk} линейно зависима, если векторы попарно коллинеарны или среди них есть совпадающие векторы а линейно независима, если попарные скалярные произведения всех разных векторов равны 0","False"
"183","46","Система {v1,...,vk} линейно зависима, если det([v1 ... vk]) = 0 для некоторого порядка векторов а линейно независима, если det([v1 ... vk]) > 0 независимо от перестановки; критерий применим при любом k ≤ n","False"
"184","46","Векторы v1,...,vk размера n линейно зависимы, если существуют скаляры α1,...,αk, не все нули, такие что α1 v1 + ... + αk vk = 0 линейно независимы, если равенство α1 v1 + ... + αk vk = 0 возможно только при α1=...=αk=0; определения задаются над фиксированным полем и применимы при k≥1","True"
"185","47","Случайная величина — это функция, которая каждому исходу случайного эксперимента ставит в соответствие число; примеры: количество орлов при трех подбрасываниях монеты, сумма очков при броске костей, рост случайного человека","True"
"186","47","Случайная величина — это любое число, полученное в эксперименте; примеры: количество орлов при трех подбрасываниях монеты, сумма очков при броске костей, рост случайного человека","False"
"187","47","Случайная величина — это результат наблюдения, который может принимать только два значения; примеры: орёл или решка, успех или неудача","False"
"188","47","Случайная величина — это множество всех возможных исходов эксперимента; примеры: сумма количество орлов при трех подбрасываниях монеты, сумма очков при броске костей, сумма ростов случайных людей","False"
"189","48","Дискретная случайная величина принимает конечное или счетное множество значений, например число студентов в классе или количество орлов при подбрасывании монеты; непрерывная случайная величина может принимать любое значение из некоторого интервала, например рост или вес человека, время ожидания автобуса","True"
"190","48","Дискретная случайная величина всегда принимает только два значения, например успех или неудача, орел или решка при подбрасывании монеты; непрерывная случайная величина принимает любое число от минус бесконечности до плюс бесконечности,  например время ожидания автобуса или размер выигрыша в лотерею с учетом расходов на покупку билетов","False"
"191","48","Дискретная случайная величина принимает только целые положительные числа, например число студентов в классе или количество орлов при подбрасывании монеты; непрерывная случайная величина принимает только вещественные числа, например рост или вес человека, время ожидания автобуса с точностью до второго знака после запятой","False"
"192","48","Дискретная случайная величина определяется только на ограниченном множестве, например {0,1} или например успех или орел и решка при подбрасывании монеты; непрерывная случайная величина определяется только на интервале (0,1) например вероятность вытащить какое-то загаданное от 1 до 5ти кол-во белых или черных шаров из мешка с 5 белыми шарами и 5 черными","False"
"193","49","Series — это одномерный массив с индексом, а DataFrame — двумерная(2D) таблица, где каждая колонка является Series","True"
"194","49","Series хранит только числовые значения, а DataFrame может хранить строки и категории","False"
"195","49","Series поддерживает индексацию по строкам и столбцам, а DataFrame только по строкам","False"
"196","49","Series может содержать данные разных типов внутри одной структуры, а DataFrame всегда хранит один тип данных для всех колонок","False"
"197","50","df = pd.DataFrame({'A':[1,2], 'B':[3,4]})","True"
"198","50","df = pd.Series({'A':[1,2], 'B':[3,4]})","False"
"199","50","df = pd.DataFrame(['A':[1,2], 'B':[3,4]])","False"
"200","50","df = pd.DataFrame({'A':1,2, 'B':3,4})","False"
"201","51","df = pd.read_csv('file.csv')","True"
"202","51","df = pd.DataFrame.read('file.csv')","False"
"203","51","df = pd.load_csv('file.csv')","False"
"204","51","df = pd.read_excel('file.csv')","False"
"205","52","df = pd.read_csv('file.csv', parse_dates=[1], nrows=100)","True"
"206","52","df = pd.read_csv('file.csv', date_columns=1, max_rows=100)","False"
"207","52","df = pd.read_csv('file.csv', parse_date=[2], head=100)","False"
"208","52","df = pd.read_csv('file.csv', columns_as_dates=[1], limit=100)","False"
"209","53","df.to_csv('out.csv', index=False)","True"
"210","53","df.save_csv('out.csv', drop_index=True)","False"
"211","53","pd.to_csv(df, 'out.csv', index=False)","False"
"212","53","df.write_csv('out.csv', index_off=True)","False"
"213","54","df.head()","True"
"214","54","df.top(5)","False"
"215","54","df.show(5)","False"
"216","54","pd.head(df)","False"
"217","55","df.info()","True"
"218","55","df.describe()","False"
"219","55","df.summary()","False"
"220","55","pd.info(df)","False"
"221","56","df.describe()","True"
"222","56","df.summary()","False"
"223","56","pd.describe(df)","False"
"224","56","df.stats()","False"
"225","57","df.columns","True"
"226","57","df.colnames()","False"
"227","57","pd.columns(df)","False"
"228","57","df.get_columns()","False"
"229","58","df.rename(columns={'old':'new'}, inplace=True)","True"
"230","58","df.rename({'old':'new'}, axis=0, inplace=True)","False"
"231","58","df.columns.rename({'old':'new'}, inplace=True)","False"
"232","58","df.rename_column('old', 'new', inplace=True)","False"
"233","59","df.rename(str.lower, axis=1, inplace=True)","True"
"234","59","df.columns = df.columns.lower()","False"
"235","59","df.rename(columns=str.lowercase, inplace=True)","False"
"236","59","df.rename_axis(str.lower, inplace=True)","False"
"237","60","df['A']","True"
"238","60","df.get('A', axis=1)","False"
"239","60","df.loc['A']","False"
"240","60","pd.column(df, 'A')","False"
"241","61","df[['A','B']]","True"
"242","61","df['A','B']","False"
"243","61","df.loc[:, 'A','B']","False"
"244","61","pd.get_columns(df, ['A','B'])","False"
"245","62","df = df[[c for c in df.columns if c != 'A'] + ['A']]","True"
"246","62","df = df.reorder(columns=['A'], position='last')","False"
"247","62","df = df.rename_axis(lambda c: 'A' if c==df.columns[-1] else c, axis=1)","False"
"248","62","df = df.shift(axis=1, cols='A')","False"
"249","63","df.loc['2000-01-01':'2000-01-07', ['count_orders','revenue']]","True"
"250","63","df.iloc['2000-01-01':'2000-01-07', ['count_orders','revenue']]","False"
"251","63","df.loc[2000-01-01:2000-01-07, count_orders, revenue]","False"
"252","63","df.slice('2000-01-01','2000-01-07').columns(['count_orders','revenue'])","False"
"253","64","df.iloc[10:21, [df.columns.get_loc('feature1'), df.columns.get_loc('feature2'), df.columns.get_loc('target')]]","True"
"254","64","df.loc[10:20, ['feature1','feature2','target']]","False"
"255","64","df.iloc[10:20, [df.columns.get_loc('feature1'), df.columns.get_loc('feature2'), df.columns.get_loc('target')]]","False"
"256","64","df.loc[10:21, ['feature1','feature2','target']","False"
"257","65","df.loc[df['target'] > 20]","True"
"258","65","df[df['target'] >= 20]","False"
"259","65","df.loc[df.target > '20']","False"
"260","65","df.iloc[df['target'] > 20]","False"
"261","66","df.loc[(df['target'] > 20) & (df['weight'] > 100)]","True"
"262","66","df[(df['target'] >= 20) & (df['weight'] >= 100)]","False"
"263","66","df[df['target'] > 20 & df['weight'] > 100]","False"
"264","66","df.iloc[(df['target'] > 20) & (df['weight'] > 100)]","False"
"265","67","df.set_index('A', inplace=True, drop=True, verify_integrity=True)  # inplace обновляет DataFrame без копии, иногда написать df = быстрее и нагляднее, но такой метод может быть быстрее при компиляции и выполнении; drop убирает колонку из данных, чтобы не дублировать индекс при необходимости его оставить или вернуть потом, если он нужен будет в модели; verify_integrity гарантирует уникальность индекса - это важно для корректных join и фильтраций","True"
"266","67","df.rename_axis('A', inplace=True,  drop=True)  # inplace обновляет DataFrame без копии, иногда написать df = быстрее и нагляднее, но такой метод может быть быстрее при компиляции и выполнении; drop убирает колонку из данных, чтобы не дублировать индекс при необходимости его оставить или вернуть потом, если он нужен будет в модели; # verify_integrity по умолчанию проверяет уникальность индекса default True, но я бы рекомендовал его выключить, часто такую операцию делают чтобы создать временной ряд, а дубли там не мешают","False"
"267","67","df.index = df.loc[:, 'A'](drop=True, verify_integrity=True)  # inplace обновляет DataFrame 'на месте', но на мой взгляд писать df.index = быстрее и нагляднее; drop убирает колонку из данных, чтобы не дублировать индекс при необходимости его оставить или вернуть потом, если он нужен будет в модели; verify_integrity гарантирует уникальность индекса - это важно для корректных join и фильтраций","False"
"268","67","df.set_index('A')  # да я зняют inplace обновляет DataFrame без копии, иногда написать df = быстрее и нагляднее, но такой метод может быть быстрее при компиляции и выполнении; drop убирает колонку из данных, чтобы не дублировать индекс при необходимости его оставить или вернуть потом, если он нужен будет в модели; verify_integrity гарантирует уникальность индекса - это важно для корректных join и фильтраций, но это зависит отк контекста и 'вкусовщины'. Я обычно не использую параметры","False"
"269","68","df.reset_index(drop=True, inplace=True)  # drop=True убирает старый индекс из колонок, чтобы не дублировать его в данных; inplace=True меняет DataFrame «на месте», что избавляет от лишней копии; сброс индекса нужен после groupby для получения «плоской» таблицы или concat, когда важно получить непрерывный RangeIndex","True"
"270","68","del df.index  # зачем использовать какие-то параметры, так быстрее всего сбросить индекс; сброс индекса нужен после groupby для получения «плоской» таблицы или concat, когда важно получить непрерывный RangeIndex","False"
"271","68","df = df.reset_index(drop=True, inplace=True, allow_duplicates=False)  # drop=True убирает старый индекс из колонок, чтобы не дублировать его в данных; inplace=True меняет DataFrame «на месте», что избавляет от лишней копии; allow_duplicates=False запрещает создание дублирующихся индексов; сброс индекса нужен после groupby для получения «плоской» таблицы или concat, когда важно получить непрерывный RangeIndex","False"
"272","68","df.reset_index(drop=True, inplace=True, level=1)  # drop=True убирает старый индекс из колонок, чтобы не дублировать его в данных; inplace=True меняет DataFrame «на месте», что избавляет от лишней копии; level позволяет сбрасывать часть уровней MultiIndex, даже если индекс обычный, параметр level имеет смысла ставить всегда, чтобы привести к обычному виду; сброс индекса нужен после groupby для получения «плоской» таблицы или concat, когда важно получить непрерывный RangeIndex","False"
"273","69","df.sort_index()","True"
"274","69","df.order_index()","False"
"275","69","df.sort_values(by='index')","False"
"276","69","pd.sort_index(df)","False"
"277","70","df.sort_values('A')","True"
"278","70","df.orderby('A')","False"
"279","70","df.sort_index(df.columns.get_loc('A'))","False"
"280","70","pd.sort_values(df, by='A')","False"
"281","71","df.isnull().sum()","True"
"282","71","df.isnan().count()","False"
"283","71","df.isna.sum()","False"
"284","71","pd.isnull(df).count()","False"
"285","72","df.fillna({'A': df['A'].mean()}, inplace=True)","True"
"286","72","df['A'].fillna(df['A'].mean(), inplace=True)","False"
"287","72","df.fillna(mean('A'), axis=1, inplace=True)","False"
"288","72","df.loc[df['A'].isna, 'A'] = df['A'].mean()","False"
"289","73","df.loc[(df['target'] == 0) & (df['A'].isna()), 'A'] = 0","True"
"290","73","df['A'].fillna(0, inplace=True) if df['target'] == 0 else df","False"
"291","73","df.fillna({'A': 0}, inplace=True, where=df['target']==0)","False"
"292","73","df.loc[(df['A'].isna) & (df['target'] == 0), 'A'] = 0","False"
"293","74","df.dropna(inplace=True)","True"
"294","74","df.remove_na(inplace=True)","False"
"295","74","df = del df.isna()","False"
"296","74","df = pd.dropna(df)","False"
"297","75","df['A'].replace({'True': 1, 'False': 0}, inplace=True)","True"
"298","75","df['A'].map({'True': 1, 'False': 0}, inplace=True)","False"
"299","75","df.replace({'A': {'True': 1, 'False': 0}}, axis=1)","False"
"300","75","df['A'].apply(lambda x: 1 if x == True else x)","False"
"301","76","df['len'] = df['text'].str.len()","True"
"302","76","df['len'] = df.apply(len, axis=1)","False"
"303","76","df['text'].apply(len, inplace=True)","False"
"304","76","df['len'] = df['text'].map(lambda row: row.length())","False"
"305","77","df.loc[df['target'] == 1, 'A'].mean()","True"
"306","77","df['A'].mean(where=df['target'] == 1)","False"
"307","77","df.mean(df['A'][df['target'] == 1])","False"
"308","77","df['A'].loc[df['target'] = 1].average()","False"
"309","78","df.loc[df['default'] == 0].groupby('education')['age'].mean()","True"
"310","78","df.groupby('education')['age'].mean().loc[df['default'] == 0]","False"
"311","78","df.loc[df['default'] == 0].groupby('age')['education'].mean()","False"
"312","78","df.groupby(['education','default'])['age'].mean()['default'==0]","False"
"313","79","df.loc[df['default'] == 1].groupby('married')['sallary'].agg(['min','mean','max'])","True"
"314","79","df.groupby('married')['sallary'].agg(min, mean, max).loc[df['default'] == 1]","False"
"315","79","df.loc[df['default'] == 1].groupby('sallary')['married'].agg(['min','mean','max'])","False"
"316","79","df.groupby('sallary')['married'].agg(min, mean, max).loc[df['default'] == 1]","False"
"317","80","df['education'].nunique()","True"
"318","80","df['education'].unique().count()","False"
"319","80","df.nunique('education')","False"
"320","80","pd.nunique(df['education'], axis=1)","False"
"321","81","df['city'].value_counts(normalize=True) * 100","True"
"322","81","df['city'].unique(normalize=True)","False"
"323","81","df.value_counts('city', percent=True)","False"
"324","81","pd.value_counts(df['city'], normalize=False) / 100","False"
"325","82","df1 = pd.concat([df1, df2])","True"
"326","82","df1 = df1.merge(df2)","False"
"327","82","df1.append(df2, inplace=True)","False"
"328","82","df1 = pd.concat([df1, df2], axis=1)","False"
"329","83","В Pandas NaN в ключевых колонках соединяются друг с другом, тогда как в Spark SQL (и стандартном SQL) NULL не равен NULL, поэтому строки с пропусками не матчинг-уются","True"
"330","83","В Pandas merge автоматически удаляет дубликаты, а Spark SQL их сохраняет","False"
"331","83","В Pandas merge при наличии дубликатов ключей выполняется декартово произведение, что приводит к 'лишним' строкам; Spark SQL по умолчанию может оптимизировать и работать иначе","False"
"332","83","Разница вызвана тем, что Pandas merge по умолчанию делает outer join, а Spark SQL — inner join","False"
"333","84","df1 = pd.merge_asof(df1.sort_values('timestamp').assign(timestamp=lambda d: d['timestamp'].dt.tz_convert('UTC')), df2.sort_values('timestamp').assign(timestamp=lambda d: d['timestamp'].dt.tz_convert('UTC')), on='timestamp', direction='backward')","True"
"334","84","df1 = df1.merge(df2, on='timestamp', how='left').astype({'timestamp':'datetime64[ns, UTC]'})","False"
"335","84","df1 = pd.concat([df1, df2], axis=1).sort_values('timestamp').fillna(method='ffill')","False"
"336","84","df1 = df1.join(df2.set_index('timestamp'), on='timestamp', how='asof')","False"
